<?xml version="1.0" encoding="UTF-8"?>

<suite name="Suite">
  <test thread-count="5" name="Test">
    <classes>
      <class name="testCases.IngredientTest"/>
      <class name="testCases.PinCodeTest"/>
      <class name="testCases.AddToWishListAndProductInquiryTests"/>
      <class name="testCases.StoreLocatorTest"/>
      <class name="step_Definition.Hooks"/>
      <class name="testCases.LoginTest"/>
      <class name="testCases.SearchTest"/>
      <class name="testCases.BeautyRoutineTest"/>
      <class name="testCases.ShopByConcernTest_TBD_"/>
      <class name="testCases.CertifiedOrganicTest"/>
      <class name="testCases.WishlistToCartTest"/>
      <class name="step_Definition.HowtoUseTest"/>
    </classes>
  </test> <!-- Test -->
</suite> <!-- Suite -->
